<?xml version="1.0" encoding="UTF-8"?>
<customUI xmlns="http://schemas.microsoft.com/office/2006/01/customui" onLoad="InstrumentaInitialize">
   <ribbon>
      <tabs>
         <tab id="InstrumentaPowerpointToolbar" label="Instrumenta">
            <group id="FormattingFont" label="Font" tag="PR" getVisible="InstrumentaGetVisible">
               <box id="FontBox1" boxStyle="horizontal">
                  <control idMso="Font" />
                  <comboBox idMso="FontSize" showLabel="false"/>
                  <button idMso="FontSizeIncrease" showLabel="false" />
                  <button idMso="FontSizeDecrease" showLabel="false" />
                  <button idMso="ClearFormatting" showLabel="false" />
               </box>
               <box id="FontBox2" boxStyle="horizontal">
                  <splitButton id="BoldSplitButton" showLabel="false" >
                  <toggleButton idMso="Bold" showLabel="false" />
                  <menu id="BoldColorMenu" itemSize="normal" >
                     <button id="BoldColorButton" label="Color bold text (automatically)" imageMso="TransitionTimeAutomaticallyAfter" showLabel="false" onAction="ColorBoldTextColorAutomatically" />
                     <button id="BoldColorPickerButton" label="Color bold text (color picker)" imageMso="ShapeFillColorPicker" showLabel="false" onAction="ColorBoldTextColorPicker" />                       
                  </menu>
               </splitButton>
                  <toggleButton idMso="Italic" showLabel="false" />
                  <toggleButton idMso="Underline" showLabel="false" />
                  <toggleButton idMso="Shadow" showLabel="false" />                 
               <splitButton id="StrikethroughSplitButton" showLabel="false" >
                  <toggleButton idMso="Strikethrough" showLabel="false" />
                  <menu id="StrikethroughMenu" itemSize="normal" >
                     <button id="ObjectsTextDeleteStrikethroughButton" label="Delete strikethrough text" imageMso="Delete" showLabel="false" onAction="ObjectsTextDeleteStrikethrough" />       
                  </menu>
               </splitButton>
                  <gallery idMso="CharacterSpacingGallery" showLabel="false" />
               </box>
               <box id="FontBox3" boxStyle="horizontal">
                  <toggleButton idMso="Superscript" showLabel="false" />
                  <toggleButton idMso="Subscript" showLabel="false" />
                  <control idMso="TextHighlightColorPickerLicensed" showLabel="false" />
                  <control idMso="FontColorPicker" showLabel="false" />
                  <button idMso="EyedropperFillText" showLabel="false" />
                  <gallery idMso="ChangeCaseGallery" showLabel="false" />
               </box>
            </group>
            <group id="TextGroup" label="Text" imageMso="MenuView2" tag="PR" getVisible="InstrumentaGetVisible">
               <buttonGroup id="buttonGroupAlignText">
                  <toggleButton idMso="AlignLeft" showLabel="false" />
                  <toggleButton idMso="AlignCenter" showLabel="false" />
                  <toggleButton idMso="AlignRight" showLabel="false" />
                  <toggleButton idMso="AlignJustify" showLabel="false" />
                  <gallery idMso="TableColumnsGallery" showLabel="false" />
                  <splitButton id="ObjectsAutoSizeSplitButton" showLabel="false" >
                  <button id="ObjectsToggleAutoSize" label="Toggle autofit" showLabel="false" imageMso="AutoFormat" onAction="ObjectsToggleAutoSize"/>
                  <menu id="ObjectsAutoSizeMenu" itemSize="normal" >
                     <button id="ObjectsAutoSizeNone" label="Do not Autofit" showLabel="false" onAction="ObjectsAutoSizeNone" />
                     <button id="ObjectsAutoSizeTextToFitShape" label="Resize text on overflow" showLabel="false" onAction="ObjectsAutoSizeTextToFitShape" />
                     <button id="ObjectsAutoSizeShapeToFitText" label="Resize shape to fit text" showLabel="false" onAction="ObjectsAutoSizeShapeToFitText" />                  
                  </menu>
               </splitButton>
               </buttonGroup>
               <buttonGroup id="buttonGroupBulletsAndNumbering">
                  <control idMso="BulletsGallery" showLabel="false" />
                  <control idMso="NumberingGallery" showLabel="false" />
                  <button id="BulletsTicks" label="Ticks" showLabel="false" imageMso="AcceptTask" onAction="TextBulletsTicks" />
                  <button id="BulletsCrosses" label="Crosses" showLabel="false" imageMso="DeclineInvitation" onAction="TextBulletsCrosses" />
                  <menu id="SpecialCharacterMenu" label="Special characters" imageMso="SymbolInsert" showLabel="false" >
                     <button id="TextInsertEuro" label="Euro" onAction="TextInsertEuro" />
                     <button id="TextInsertCopyright" label="Copyright" onAction="TextInsertCopyright" />
                     <button idMso="SymbolInsert" showLabel="false" />
                  </menu>
               </buttonGroup>
               <buttonGroup id="buttonGroupIndent">
                  <gallery idMso="LineSpacingGalleryPowerPoint" showLabel="false" />
               <splitButton id="IncreaseLineSpacingSplitButton" showLabel="false">
                  <button id="IncreaseLineSpacing" label="Increase line spacing" showLabel="false" imageMso="ParagraphSpacingIncrease" onAction="ObjectsIncreaseLineSpacing" />
                  <menu id="IncreaseLineSpacingMenu" itemSize="normal">
                        <button id="IncreaseLineSpacingBeforeAndAfter" label="Increase line spacing before and after" showLabel="false" imageMso="ParagraphSpacingIncrease" onAction="ObjectsIncreaseLineSpacingBeforeAndAfter" />
                  </menu>
               </splitButton>
               <splitButton id="DecreaseLineSpacingSplitButton" showLabel="false">
                  <button id="DecreaseLineSpacing" label="Decrease line spacing" showLabel="false" imageMso="ParagraphSpacingDecrease" onAction="ObjectsDecreaseLineSpacing" />
                  <menu id="DecreaseLineSpacingMenu" itemSize="normal">
                        <button id="DecreaseLineSpacingBeforeAndAfter" label="Decrease line spacing before and after" showLabel="false" imageMso="ParagraphSpacingDecrease" onAction="ObjectsDecreaseLineSpacingBeforeAndAfter" />
                  </menu>
               </splitButton>
                  <button idMso="IndentIncrease" showLabel="false" />
                  <button idMso="IndentDecrease" showLabel="false" />
                  <gallery idMso="TextAlignGallery" showLabel="false" />
               </buttonGroup>
               <separator id="separator6" />
               <toggleButton id="ToggleTextWrap" label="Toggle text wrap" imageMso="WrapText" showLabel="false" onAction="ObjectsTextWordwrapToggle" />
               <button id="ObjectsTextSplitByParagraphButton" label="Split (by paragraphs) into multiple shapes" imageMso="PageBreakInsertOrRemove" showLabel="false" onAction="ObjectsTextSplitByParagraph" />
               <button id="ObjectsTextMergeButton" label="Merge text of all shapes in first selected shape" imageMso="SourceControlAddObjects" showLabel="false" onAction="ObjectsTextMerge" />             
               <button id="RemoveTextButton" label="Remove text" imageMso="ReviewDeleteMarkup" showLabel="false" onAction="ObjectsRemoveText" />
               <button id="SwapTextButton" label="Swap text (no formatting)" imageMso="Copy" showLabel="false" onAction="ObjectsSwapTextNoFormatting" />
               <button id="SwapTextButton2" label="Swap text (with formatting)" imageMso="GroupCompare" showLabel="false" onAction="ObjectsSwapText" />
               <button idMso="FontsReplaceFonts" showLabel="false" />
               <button id="ChangeSpellCheckLanguage" label="Set proofing language on all objects and all slides" imageMso="SetLanguage" showLabel="false" onAction="ShowChangeSpellCheckLanguageForm" />
               <button idMso="PasteTextOnly" showLabel="false" />
            </group>
            <group id="FormattingGroup" label="Shapes" imageMso="ShapesMoreShapes" tag="P" getVisible="InstrumentaGetVisible">
               <control idMso="ShapeFillColorPicker" showLabel="false" label="&#x200B;" />
               <gallery idMso="ShapeStylesGallery" showLabel="false" label="&#x200B;" />
               <gallery idMso="ShapeChangeShapeGallery" showLabel="false" label="&#x200B;" />
               <button idMso="EyedropperFill" showLabel="false" />
               <gallery idMso="GradientGallery" showLabel="false" label="&#x200B;" />
               <button idMso="ObjectPictureFill" showLabel="false" />
               <separator id="seperatorShapeOutline" />
               <control idMso="ShapeOutlineColorPicker" showLabel="false" label="&#x200B;" />
               <gallery idMso="OutlineDashesGallery" showLabel="false" label="&#x200B;" />
               <gallery idMso="OutlineWeightGallery" showLabel="false" label="&#x200B;" />
               <button idMso="EyedropperOutline" showLabel="false" />
               <button id="CloneSelectionRight" label="Clone selection to right" imageMso="FillRight" onAction="ObjectsCloneRight" showLabel="false" />
               <button id="CloneSelectionDown" label="Clone selection down" imageMso="FillDown" onAction="ObjectsCloneDown" showLabel="false" />
               <separator id="seperatorShapeOther" />
               <gallery idMso="ShapesInsertGallery" showLabel="false" label="&#x200B;" />
               <toggleButton idMso="TextBoxInsert" showLabel="false" />
               <menu idMso="CombineShapesMenu" showLabel="false" />
               <control idMso="ShapeWidth" showLabel="false" />
               <control idMso="ShapeHeight" showLabel="false" />
               
               <splitButton id="ObjectSetPositionSplitButton" size="normal" showLabel="false" >
               <button id="ObjectSetPositionDialog" label="Set position" showLabel="false" imageMso="GroupPosition" onAction="InitialiseSetPositionAppEventHandler" />
               <menu id="ObjectSetPositionMenu" itemSize="normal">
               <control idMso="ObjectSizeAndPositionDialog" showLabel="true" />
               </menu>
                      </splitButton>
               
               <control idMso="FormatPainter" showLabel="false" />
               <button id="ObjectsCopyRoundedCorner" label="Copy rounded corner of first selected shape to selected shapes" showLabel="false" imageMso="ShapeRoundedRectangle" onAction="ObjectsCopyRoundedCorner" />
               <button id="ObjectsCopyShapeTypeAndAdjustments" label="Copy shape type and all adjustments of first selected shape to selected shapes" showLabel="false" imageMso="OutlineTasksShowAll" onAction="ObjectsCopyShapeTypeAndAdjustments" />
               <toggleButton idMso="ObjectEditPoints" showLabel="false" />
               <button id="RectifyLines" label="Rectify lines" showLabel="false" imageMso="ArrowsMore" onAction="RectifyLines" />
               <menu id="ConnectRectanglesMenu" label="Connect sides of 2 rectangles" imageMso="ZoomFitToWindow" showLabel="false" >
                  <button id="ConnectRectangleShapesRightToLeft" label="Shape 1 right side to shape 2 left side" onAction="ConnectRectangleShapesRightToLeft" />
                  <button id="ConnectRectangleShapesLeftToRight" label="Shape 1 left side to shape 2 right side" onAction="ConnectRectangleShapesLeftToRight" />
                  <button id="ConnectRectangleShapesBottomToTop" label="Shape 1 bottom side to shape 2 top side" onAction="ConnectRectangleShapesBottomToTop" />
                  <button id="ConnectRectangleShapesTopToBottom" label="Shape 1 top side to shape 2 bottom side" onAction="ConnectRectangleShapesTopToBottom" />
               </menu>    
               <button id="IncreaseShapeTransparency" label="Increase shape transparency" showLabel="false" imageMso="DiagramStylesClassic" onAction="IncreaseShapeTransparency" />
               <button id="LockAspectRatioToggleSelectedShapes" label="Toggle lock aspect ratio of selected shape(s)" showLabel="false" imageMso="MasterDocumentLockSubdocument" onAction="LockAspectRatioToggleSelectedShapes" />
               <separator id="CopyPositionSeperator" />        
                     <splitButton id="LockSplitButton" size="normal" showLabel="false" >
                     <button id="LockToggleSelectedShapesButton" label="Toggle lock or unlock position of selected shapes" showLabel="false" imageMso="Lock" onAction="LockToggleSelectedShapes" />
                     <menu id="LockMenu" itemSize="normal">
                        <button id="LockToggleAllShapesOnAllSlidesButton" label="Toggle lock or unlock position all shapes on all slides" showLabel="false" imageMso="Lock" onAction="LockToggleAllShapesOnAllSlides" />
                        <button id="LockAllShapesOnAllSlidesButton" label="Lock position of all shapes on all slides" showLabel="false" imageMso="Lock" onAction="LockAllShapesOnAllSlides" />
                        <button id="UnLockAllShapesOnAllSlides" label="Unlock position of all shapes on all slides" showLabel="false" imageMso="Lock" onAction="UnLockAllShapesOnAllSlides" />
                        </menu>
                      </splitButton>
                <button id="GroupShapesByColumnsButton" label="Group shapes by columns" showLabel="false" imageMso="ControlLayoutTabular" onAction="GroupShapesByColumns" />
                <button id="GroupShapesByRowsButton" label="Group shapes by rows" showLabel="false" imageMso="ControlLayoutStacked" onAction="GroupShapesByRows" />
               <menu id="SelectShapeByMenu" label="Select shape by attributes" imageMso="SelectionPane" showLabel="false" >
                  <button id="SelectShapesByFillColor" label="Select shapes with same fill color" onAction="ObjectsSelectBySameFillColor" />
                  <button id="SelectShapesByLineColor" label="Select shapes with same line color" onAction="ObjectsSelectBySameLineColor" />
                  <button id="SelectShapesByFillAndLineColor" label="Select shapes with same fill and line color" onAction="ObjectsSelectBySameFillAndLineColor" />
                  <button id="SelectShapesBySameWidthAndHeight" label="Select shapes with same size" onAction="ObjectsSelectBySameWidthAndHeight" />
                  <button id="SelectShapesBySameWidth" label="Select shapes with same width" onAction="ObjectsSelectBySameWidth" />
                  <button id="SelectShapesBySameHeight" label="Select shapes with same height" onAction="ObjectsSelectBySameHeight" />
                  <button id="SelectShapesBySameType" label="Select shapes with same type" onAction="ObjectsSelectBySameType" />
               </menu>
               <button id="CopyPosition" label="Copy position and dimensions" showLabel="false" imageMso="GroupSizeAndPosition" onAction="CopyPosition" />
               <splitButton id="PastePositionSplitButton" size="normal" showLabel="false" >
                  <button id="PastePosition" label="Paste position" showLabel="false" imageMso="PasteDuplicate" onAction="PastePosition" />
                  <menu id="PastePositionMenu" itemSize="normal">
                     <button id="PastePositionAndDimensions" label="Paste position and dimensions" showLabel="false" imageMso="PasteDuplicate" onAction="PastePositionAndDimensions" />
                  </menu>
               </splitButton>
               <separator id="CopyShapeToSeparator" />
               <button id="CreateMultiSlideShape" label="Copy shape to multiple slides (multislide shape)" showLabel="false" imageMso="MasterDocumentCreateSubdocument" onAction="ShowFormCopyShapeToMultipleSlides" />
               <button id="UpdateMultiSlideShape" label="Update position and dimensions of selected multislide shape on all slides" showLabel="false" imageMso="MasterDocumentInsertSubdocument" onAction="UpdateTaggedShapePositionAndDimensions" />
               <button id="DeleteMultislideShape" label="Delete selected multislide shape on all slides" showLabel="false" imageMso="MasterDocumentUnlinkSubdocument" onAction="DeleteTaggedShapes" />
               <separator id="TextMargins" />
               <button id="RemoveMargins" label="Remove margins" showLabel="false" imageMso="PageMarginsGallery" onAction="ObjectsMarginsToZero" />
               <button id="IncreaseMargins" label="Increase margins" showLabel="false" imageMso="UpArrow2" onAction="ObjectsMarginsIncrease" />
               <button id="DecreaseMargins" label="Decrease margins" showLabel="false" imageMso="DownArrow2" onAction="ObjectsMarginsDecrease" />
            </group>
            <group id="PictureGroup" label="Pictures" imageMso="PictureRecolorAutomatic" tag="P" getVisible="InstrumentaGetVisible">
               <splitButton id="PictureCropSplitButton" size="normal" showLabel="false" >
                  <toggleButton idMso="PictureCrop" showLabel="false" />
                  <menu id="PictureCropMenu" itemSize="normal">
                     <button id="ApplySameCropToSelectedImages" label="Apply same crop to selected pictures" showLabel="false" onAction="ApplySameCropToSelectedImages" />
                     <button id="PictureCropToSlide" label="Crop picture or shape to slide" showLabel="false" onAction="PictureCropToSlide" />       
                  </menu>
               </splitButton>
               <button idMso="PictureReset" showLabel="false" />
               <button idMso="PictureInsertFromFile" showLabel="false" />
               <toggleButton idMso="PictureSetTransparentColor" showLabel="false" />
               <button idMso="PicturesCompress" showLabel="false" />
               <gallery idMso="PictureShapeGallery" showLabel="false" label="&#x200B;" />
            </group>
            <group id="AlignGroup" label="Align, distribute and size" imageMso="SizeToGridAccess" tag="P" getVisible="InstrumentaGetVisible">
               <box id="AlignDistributeBox" boxStyle="horizontal">
                  <button id="ObjectsAlignLeftsButton" label="Align left" showLabel="false" imageMso="ObjectsAlignLeft" onAction="ObjectsAlignLefts" />
                  <button id="ObjectsAlignCentersButton" label="Align center" showLabel="false" imageMso="ObjectsAlignCenterHorizontal" onAction="ObjectsAlignCenters" />
                  <button id="ObjectsAlignRightsButton" label="Align right" showLabel="false" imageMso="ObjectsAlignRight" onAction="ObjectsAlignRights" />
                  <button id="ObjectsAlignBottomsButton" label="Align bottom" showLabel="false" imageMso="ObjectsAlignBottom" onAction="ObjectsAlignBottoms" />
                  <button id="ObjectsAlignMiddlesButton" label="Align middle" showLabel="false" imageMso="ObjectsAlignMiddleVertical" onAction="ObjectsAlignMiddles" />
                  <button id="ObjectsAlignTopsButton" label="Align top" showLabel="false" imageMso="ObjectsAlignTop" onAction="ObjectsAlignTops" />
                  <button id="ObjectsDistributeHorizontallyButton" label="Distribute horizontally" showLabel="false" imageMso="AlignDistributeHorizontally" onAction="ObjectsDistributeHorizontally" />
                  <button id="ObjectsDistributeVerticallyButton" imageMso="AlignDistributeVertically" label="Distribute vertically" showLabel="false" onAction="ObjectsDistributeVertically" />
               </box>
               <box id="LayersBox" boxStyle="horizontal">
                  <button idMso="ObjectBringForward" showLabel="false" />
                  <button idMso="ObjectSendBackward" showLabel="false" />
                  <button idMso="ObjectBringToFront" showLabel="false" />
                  <button idMso="ObjectSendToBack" showLabel="false" />
                  <button idMso="ObjectFlipHorizontal" showLabel="false" />
                  <button idMso="ObjectFlipVertical" showLabel="false" />
                  <button idMso="ObjectRotateLeft90" showLabel="false" />
                  <button idMso="ObjectRotateRight90" showLabel="false" />
               </box>
               <box id="DimensionsBox" boxStyle="horizontal">
                  <splitButton id="ObjectsSwapPositionSplitButton" size="normal" showLabel="false"> 
                  <button id="ObjectsSwapPosition" imageMso="CircularReferences" label="Swap position of two shapes" showLabel="false" onAction="ObjectsSwapPosition" />
                  <menu id="ObjectsSwapPositionMenu" label="Swap position of two shapes" imageMso="CircularReferences" showLabel="false">
                  <button id="ObjectsSwapPositionCentered" imageMso="CircularReferences" label="Swap position of two shapes (centered)" showLabel="false" onAction="ObjectsSwapPositionCentered" />
                  </menu>
                  </splitButton>    
                  <button id="ObjectsSameHeightButton" imageMso="RowHeight" label="Set same height" showLabel="false" onAction="ObjectsSameHeight" />
                  <button id="ObjectsSameWidthButton" imageMso="ColumnWidth" label="Set same width" showLabel="false" onAction="ObjectsSameWidth" />
                  <button id="ObjectsSameHeightAndWidthButton" imageMso="SizeToControlHeightAndWidth" label="Set same height and width" showLabel="false" onAction="ObjectsSameHeightAndWidth" />
                  <button id="ObjectsSizeToTallest" getImage="RibbonObjectGetImage" label="Size to tallest" showLabel="false" onAction="ObjectsSizeToTallest" />
                  <button id="ObjectsSizeShortest" getImage="RibbonObjectGetImage" label="Size to shortest" showLabel="false" onAction="ObjectsSizeToShortest" />
                  <button id="ObjectsSizeToWidest" getImage="RibbonObjectGetImage" label="Size to widest" showLabel="false" onAction="ObjectsSizeToWidest" />
                  <button id="ObjectsSizeNarrowest" getImage="RibbonObjectGetImage" label="Size to narrowest" showLabel="false" onAction="ObjectsSizeToNarrowest" />
               </box>
               <separator id="separatorSpacing" />
               <button id="ObjectsRemoveSpaceHorizontal" imageMso="ObjectsAlignDistributeHorizontallyRemove" label="Remove horizontal gap between shapes" showLabel="false" onAction="ObjectsRemoveSpacingHorizontal" />
               <button id="ObjectsIncreaseSpacingHorizontal" imageMso="HorizontalSpacingIncrease" label="Increase horizontal gap between shapes" showLabel="false" onAction="ObjectsIncreaseSpacingHorizontal" />
               <button id="ObjectsDecreaseSpacingHorizontal" imageMso="HorizontalSpacingDecrease" label="Decrease horizontal gap between shapes" showLabel="false" onAction="ObjectsDecreaseSpacingHorizontal" />
               <button id="ObjectsRemoveSpaceVertical" imageMso="ObjectsAlignDistributeVerticallyRemove" label="Remove vertical gap between shapes" showLabel="false" onAction="ObjectsRemoveSpacingVertical" />
               <button id="ObjectsIncreaseSpacingVertical" imageMso="VerticalSpacingIncrease" label="Increase vertical gap between shapes" showLabel="false" onAction="ObjectsIncreaseSpacingVertical" />
               <button id="ObjectsDecreaseSpacingVertical" imageMso="VerticalSpacingDecrease" label="Decrease vertical gap between shapes" showLabel="false" onAction="ObjectsDecreaseSpacingVertical" />
               <separator id="separatorTableAlign" />
               <button id="ObjectsArrangeShapesButton" imageMso="SlidesPerPage9Slides" label="Arrange shapes" showLabel="false" onAction="ArrangeShapes" />
               <splitButton id="TableAlignSplitButton" size="normal" showLabel="false">
                  <button id="ObjectsAlignToTable" imageMso="GroupTableProperties" label="Center align shapes to table cells" showLabel="false" onAction="ObjectsAlignToTable" />
                  <menu id="TableAlignMenu" itemSize="normal">
                     <button id="ObjectsAlignToTableColumn" label="Center align shapes to columns of a table" showLabel="false" onAction="ObjectsAlignToTableColumn" />
                     <button id="ObjectsAlignToTableRow" label="Center align shapes to rows of a table" showLabel="false" onAction="ObjectsAlignToTableRow" />
                  </menu>
               </splitButton>
               <menu id="ObjectsStretchMenu" label="Stretch shapes" imageMso="DrawingCanvasExpand" showLabel="false">
                  <button id="ObjectsStretchLeft" label="Stretch shapes to left" onAction="ObjectsStretchLeft" />
                  <button id="ObjectsStretchRight" label="Stretch shapes to right" onAction="ObjectsStretchRight" />
                  <button id="ObjectsStretchTop" label="Stretch shapes to top" onAction="ObjectsStretchTop" />
                  <button id="ObjectsStretchBottom" label="Stretch shapes to bottom" onAction="ObjectsStretchBottom" />
               </menu>
            </group>
            <group id="TableGroup" label="Tables" imageMso="TableInsert" tag="P" getVisible="InstrumentaGetVisible">
               <gallery idMso="TableInsertGallery" showLabel="false" label="&#x200B;" />
               <button idMso="TableInsertColumnsLeft" showLabel="false" />
               <button idMso="TableInsertColumnsRight" showLabel="false" />
               <button idMso="TableDeleteColumns" showLabel="false" />
               <button idMso="TableInsertRowsAbove" showLabel="false" />
               <button idMso="TableInsertRowsBelow" showLabel="false" />
               <button idMso="TableDeleteRows" showLabel="false" />
               <splitButton id="TableRowsDistributeSplitButton" size="normal" showLabel="false">
               <button idMso="TableRowsDistribute" showLabel="false" />
               <menu id="TableRowsDistributeMenu" itemSize="normal">
                     <button id="TableDistributeRowsWithGaps" label="Distribute rows ignoring row gaps" showLabel="false" onAction="TableDistributeRowsWithGaps" />
                  </menu>
               </splitButton>
               <splitButton id="TableColumnsDistributeSplitButton" size="normal" showLabel="false">
               <button idMso="TableColumnsDistribute" showLabel="false" />
               <menu id="TableColumnsDistributeMenu" itemSize="normal">
                     <button id="TableDistributeColumnsWithGaps" label="Distribute columns ignoring column gaps" showLabel="false" onAction="TableDistributeColumnsWithGaps" />
                  </menu>
               </splitButton>
               <splitButton id="TableQuickFormatSplitButton" size="normal" showLabel="false">
                  <button id="TableQuickFormat" imageMso="TableAutoFormat" label="Quick format table" showLabel="false" onAction="TableQuickFormat" />
                  <menu id="TableFormatMenu" itemSize="normal">
                     <button idMso="TableStyleClearTable" showLabel="false" />
                     <button id="TableRemoveBackgrounds" label="Remove cell fills" showLabel="false" onAction="TableRemoveBackgrounds" />
                     <button id="TableRemoveBorders" label="Remove all borders" showLabel="false" onAction="TableRemoveBorders" />
                  </menu>
               </splitButton>
               <button id="TableConvertTableToShapes" imageMso="ConvertTableToText" label="Convert table to shapes" showLabel="false" onAction="ConvertTableToShapes" />
               <button id="TableConvertShapesToTable" imageMso="ConvertTextToTable" label="Convert shapes to table" showLabel="false" onAction="ConvertShapesToTable" />
               <button id="TableTranspose" imageMso="ChartSwitchRowColumn" label="Transpose table" showLabel="false" onAction="TableTranspose" />
               <splitButton id="TableSplitSplitButton" size="normal" showLabel="false">
                  <button id="SplitTableByRowButton" imageMso="SplitTable" label="Split table by row" showLabel="false" onAction="SplitTableByRow" />
                  <menu id="TableSplitMenu" itemSize="normal">
                     <button id="SplitTableByColumnButton" label="Split table by column" showLabel="false" onAction="SplitTableByColumn" />
                  </menu>
               </splitButton>
               <splitButton id="TableSumSplitButton" size="normal" showLabel="false">
                  <button id="TableSumButton" imageMso="AutoSum" label="Sum column (values above selected cells)" showLabel="false" onAction="TableSum" />
                  <menu id="TableSumMenu" itemSize="normal">
                     <button id="TableRowSumButton" imageMso="AutoSum" label="Sum row (values left from selected cells)" showLabel="false" onAction="TableRowSum" />
                  </menu>
               </splitButton>
               <separator id="separator7" />
               <splitButton id="TableColumnGapsSplitButton" size="normal" showLabel="false">
                  <button id="TableColumnGapsEven" imageMso="SpeakByRows" label="Add column gaps" showLabel="false" onAction="TableColumnGapsEven" />
                  <menu id="TableColumnGapsMenu" itemSize="normal">
                     <button id="TableColumnGapsOdd" imageMso="SpeakByRows" label="Add column gaps (including left and right sides)" showLabel="false" onAction="TableColumnGapsOdd" />
                     <button id="TableColumnRemoveGaps" imageMso="Delete" label="Remove column gaps" showLabel="false" onAction="TableColumnRemoveGaps" />
                  </menu>
               </splitButton>
               <button id="TableColumnIncreaseGaps" label="Increase column gaps" showLabel="false" imageMso="UpArrow2" onAction="TableColumnIncreaseGaps" />
               <button id="TableColumnDecreaseGaps" label="Decrease column gaps" showLabel="false" imageMso="DownArrow2" onAction="TableColumnDecreaseGaps" />
               <separator id="separator7a" />
               <splitButton id="TableRowGapsSplitButton" size="normal" showLabel="false">
                  <button id="TableRowGapsEven" imageMso="SpeakByColumns" label="Add row gaps" showLabel="false" onAction="TableRowGapsEven" />
                  <menu id="TableRowGapsMenu" itemSize="normal">
                     <button id="TableRowGapsOdd" imageMso="SpeakByColumns" label="Add row gaps (including top and bottom sides)" showLabel="false" onAction="TableRowGapsOdd" />
                     <button id="TableRowRemoveGaps" imageMso="Delete" label="Remove row gaps" showLabel="false" onAction="TableRowRemoveGaps" />
                  </menu>
               </splitButton>
               <button id="TableRowIncreaseGaps" label="Increase row gaps" showLabel="false" imageMso="UpArrow2" onAction="TableRowIncreaseGaps" />
               <button id="TableRowDecreaseGaps" label="Decrease row gaps" showLabel="false" imageMso="DownArrow2" onAction="TableRowDecreaseGaps" />
               <separator id="separator7b" />
               <control idMso="ShadingColorPicker" showLabel="false" label="&#x200B;" />
               <gallery idMso="TableBorderPenColorPicker" showLabel="false" label="&#x200B;" />
               <control idMso="TableBordersMenu" showLabel="false" />
               <separator id="separator8" />
               <toggleButton idMso="TableCellAlignBottom" showLabel="false" />
               <toggleButton idMso="TableCellAlignCenterVertically" showLabel="false" />
               <toggleButton idMso="TableCellAlignTop" showLabel="false" />
               <separator id="TableMargins" />
               <button id="TableRemoveMargins" label="Remove margins of selected table or selected cells" showLabel="false" imageMso="PageMarginsGallery" onAction="TablesMarginsToZero" />
               <button id="TableIncreaseMargins" label="Increase margins of selected table or selected cells" showLabel="false" imageMso="UpArrow2" onAction="TablesMarginsIncrease" />
               <button id="TableDecreaseMargins" label="Decrease margins of selected table or selected cells" showLabel="false" imageMso="DownArrow2" onAction="TablesMarginsDecrease" />
            </group>
            <group id="ExportGroup" label="Export" imageMso="RightArrow2" tag="PR" getVisible="InstrumentaGetVisible">
                <button id="SaveSelectedSlidesButton" label="Save selected slides" imageMso="FileSaveAs" showLabel="false" onAction="SaveSelectedSlides" />
               <button id="EmailSelectedSlidesButton" label="E-mail selected slides" imageMso="FileSendAsAttachment" showLabel="false" onAction="EmailSelectedSlides" />
               <button id="EmailSelectedSlidesAsPDFButton" label="E-mail selected slides as PDF" showLabel="false" imageMso="FileEmailAsPdfEmailAttachment" onAction="EmailSelectedSlidesAsPDF" />
               <button idMso="FileSaveAsPdfOrXps" showLabel="false" />
               <button idMso="ObjectSaveAsPicture" imageMso="PictureReset" showLabel="false" />
               <menu id="CopyStorylineMenu" label="Copy storyline/slide note" imageMso="SpeakerNotes" showLabel="false" >
                  <button idMso="CreateHandoutsInWord" />
                  <menuSeparator id="separatorExport1" />
                  <button id="CopySlideNotesToWord" label="Export slide notes to Word" imageMso="MergeToWord" onAction="CopySlideNotesToWord" />
                  <button id="CopySlideNotesToClipboard" label="Copy slide notes to clipboard" imageMso="GroupClipboard" onAction="CopySlideNotesToClipboardOnly" />
                  <menuSeparator id="separatorExport2" />
                  <button id="CopyStorylineToWord" label="Export storyline to Word" imageMso="MergeToWord" onAction="CopyStorylineToWord" />
                  <button id="CopyStorylineToClipboard" label="Copy storyline to clipboard" imageMso="GroupClipboard" onAction="CopyStorylineToClipBoardOnly" />
                  <button id="PasteStorylineInSelectedShapeButton" label="Paste storyline in shape" showLabel="false" imageMso="TextFromFileInsert" onAction="PasteStorylineInSelectedShape" />
               </menu>
            </group>
            <group id="PasteGroup" label="Paste and insert" imageMso="PasteAlternative" tag="PR" getVisible="InstrumentaGetVisible">
               <box id="PasteGroupBox1" boxStyle="horizontal">
                  <splitButton id="SlideLibrarySplitButton" size="normal" showLabel="false">
                  <button id="InsertSlideFromSlideLibraryButton" label="Insert slide from slide library" showLabel="false" imageMso="SlideNewGallery" onAction="ShowSlideLibrary" /> 
                  <menu id="SlideLibraryMenu" itemSize="normal">
                  <button id="OpenSlideLibraryFileButton" label="Open slide library file" showLabel="false" onAction="OpenSlideLibraryFile" /> 
                  <button id="AddSelectedSlidesToLibraryFileButton" label="Copy selected slides to slide library" showLabel="false" onAction="AddSelectedSlidesToLibraryFile" /> 
                  </menu>
               </splitButton>
                  <splitButton id="PastePngSplitButton" size="normal" showLabel="false">
                  <button idMso="PastePng" showLabel="false"/>
                  <menu id="PasteJpegMenu" itemSize="normal">
                            <button idMso="PasteJpeg" showLabel="false"/>
                  </menu>
               </splitButton> 
                  <button idMso="ScreenClipping" showLabel="false"/>
                  <button idMso="DateAndTimeInsert" showLabel="false"/>
                  <button id="AgendaPages" imageMso="GroupTableOfContents" label="Create or update agenda pages" showLabel="false" onAction="CreateOrUpdateMasterAgenda" tag="P" getVisible="InstrumentaGetVisible"/>
                  <menu id="EmojiMenu" label="Emoji" imageMso="HappyFace" showLabel="false" tag="P" getVisible="InstrumentaGetVisible">
                    <gallery id="EmojiGallery1" label="Smileys" showLabel="false" columns="10" showItemImage="true" showItemLabel="true" getItemWidth="EmojiGallery_GetItemWidth" getItemHeight="EmojiGallery_GetItemHeight" getItemScreentip="EmojiGallery_GetItemScreentip" getItemImage="EmojiGallery_GetItemImage" getItemCount="EmojiGallery_GetItemCount" getItemID="EmojiGallery_GetItemID" getItemLabel="EmojiGallery_GetItemLabel" onAction="EmojiGallery_OnAction" /> 
                    <gallery id="EmojiGallery2" label="Gestures and body parts" showLabel="false" columns="10" showItemImage="true" showItemLabel="true" getItemWidth="EmojiGallery_GetItemWidth" getItemHeight="EmojiGallery_GetItemHeight" getItemScreentip="EmojiGallery_GetItemScreentip" getItemImage="EmojiGallery_GetItemImage" getItemCount="EmojiGallery_GetItemCount" getItemID="EmojiGallery_GetItemID" getItemLabel="EmojiGallery_GetItemLabel" onAction="EmojiGallery_OnAction" /> 
                    <gallery id="EmojiGallery3" label="People and fantasy" showLabel="false" columns="10" showItemImage="true" showItemLabel="true" getItemWidth="EmojiGallery_GetItemWidth" getItemHeight="EmojiGallery_GetItemHeight" getItemScreentip="EmojiGallery_GetItemScreentip" getItemImage="EmojiGallery_GetItemImage" getItemCount="EmojiGallery_GetItemCount" getItemID="EmojiGallery_GetItemID" getItemLabel="EmojiGallery_GetItemLabel" onAction="EmojiGallery_OnAction" /> 
                    <gallery id="EmojiGallery4" label="Clothing and accessories" showLabel="false" columns="10" showItemImage="true" showItemLabel="true" getItemWidth="EmojiGallery_GetItemWidth" getItemHeight="EmojiGallery_GetItemHeight" getItemScreentip="EmojiGallery_GetItemScreentip" getItemImage="EmojiGallery_GetItemImage" getItemCount="EmojiGallery_GetItemCount" getItemID="EmojiGallery_GetItemID" getItemLabel="EmojiGallery_GetItemLabel" onAction="EmojiGallery_OnAction" /> 
                    <gallery id="EmojiGallery5" label="Animals and nature" showLabel="false" columns="10" showItemImage="true" showItemLabel="true" getItemWidth="EmojiGallery_GetItemWidth" getItemHeight="EmojiGallery_GetItemHeight" getItemScreentip="EmojiGallery_GetItemScreentip" getItemImage="EmojiGallery_GetItemImage" getItemCount="EmojiGallery_GetItemCount" getItemID="EmojiGallery_GetItemID" getItemLabel="EmojiGallery_GetItemLabel" onAction="EmojiGallery_OnAction" /> 
                    <gallery id="EmojiGallery6" label="Food and drink" showLabel="false" columns="10" showItemImage="true" showItemLabel="true" getItemWidth="EmojiGallery_GetItemWidth" getItemHeight="EmojiGallery_GetItemHeight" getItemScreentip="EmojiGallery_GetItemScreentip" getItemImage="EmojiGallery_GetItemImage" getItemCount="EmojiGallery_GetItemCount" getItemID="EmojiGallery_GetItemID" getItemLabel="EmojiGallery_GetItemLabel" onAction="EmojiGallery_OnAction" /> 
                    <gallery id="EmojiGallery7" label="Activity and sports" showLabel="false" columns="10" showItemImage="true" showItemLabel="true" getItemWidth="EmojiGallery_GetItemWidth" getItemHeight="EmojiGallery_GetItemHeight" getItemScreentip="EmojiGallery_GetItemScreentip" getItemImage="EmojiGallery_GetItemImage" getItemCount="EmojiGallery_GetItemCount" getItemID="EmojiGallery_GetItemID" getItemLabel="EmojiGallery_GetItemLabel" onAction="EmojiGallery_OnAction" /> 
                    <gallery id="EmojiGallery8" label="Travel and places" showLabel="false" columns="10" showItemImage="true" showItemLabel="true" getItemWidth="EmojiGallery_GetItemWidth" getItemHeight="EmojiGallery_GetItemHeight" getItemScreentip="EmojiGallery_GetItemScreentip" getItemImage="EmojiGallery_GetItemImage" getItemCount="EmojiGallery_GetItemCount" getItemID="EmojiGallery_GetItemID" getItemLabel="EmojiGallery_GetItemLabel" onAction="EmojiGallery_OnAction" /> 
                    <gallery id="EmojiGallery9" label="Objects" showLabel="false" columns="10" showItemImage="true" showItemLabel="true" getItemWidth="EmojiGallery_GetItemWidth" getItemHeight="EmojiGallery_GetItemHeight" getItemScreentip="EmojiGallery_GetItemScreentip" getItemImage="EmojiGallery_GetItemImage" getItemCount="EmojiGallery_GetItemCount" getItemID="EmojiGallery_GetItemID" getItemLabel="EmojiGallery_GetItemLabel" onAction="EmojiGallery_OnAction" /> 
                    <gallery id="EmojiGallery10" label="Symbols" showLabel="false" columns="10" showItemImage="true" showItemLabel="true" getItemWidth="EmojiGallery_GetItemWidth" getItemHeight="EmojiGallery_GetItemHeight" getItemScreentip="EmojiGallery_GetItemScreentip" getItemImage="EmojiGallery_GetItemImage" getItemCount="EmojiGallery_GetItemCount" getItemID="EmojiGallery_GetItemID" getItemLabel="EmojiGallery_GetItemLabel" onAction="EmojiGallery_OnAction" />                                         
                  </menu>
               </box>
               <box id="PasteGroupBox2" boxStyle="horizontal">
                  <menu id="HarveyBallsMenu" label="Harvey Balls" imageMso="Drawing1GalleryContrast" showLabel="false" tag="P" getVisible="InstrumentaGetVisible">
                     <button id="HarveyBall10" label="10%" onAction="GenerateHarveyBall10" />
                     <button id="HarveyBall20" label="20%" onAction="GenerateHarveyBall20" />
                     <button id="HarveyBall25" label="25%" onAction="GenerateHarveyBall25" />
                     <button id="HarveyBall30" label="30%" onAction="GenerateHarveyBall30" />
                     <button id="HarveyBall33" label="33%" onAction="GenerateHarveyBall33" />
                     <button id="HarveyBall40" label="40%" onAction="GenerateHarveyBall40" />
                     <button id="HarveyBall50" label="50%" onAction="GenerateHarveyBall50" />
                     <button id="HarveyBall60" label="60%" onAction="GenerateHarveyBall60" />
                     <button id="HarveyBall67" label="67%" onAction="GenerateHarveyBall67" />
                     <button id="HarveyBall70" label="70%" onAction="GenerateHarveyBall70" />
                     <button id="HarveyBall75" label="75%" onAction="GenerateHarveyBall75" />
                     <button id="HarveyBall80" label="80%" onAction="GenerateHarveyBall80" />
                     <button id="HarveyBall90" label="90%" onAction="GenerateHarveyBall90" />
                     <button id="HarveyBall100" label="100%" onAction="GenerateHarveyBall100" />
                     <menuSeparator id="HarveySeparator" />
                     <button id="HarveyBallCustom" label="Custom..." onAction="GenerateHarveyBallCustom" />
                     <button id="AverageHarveyBall" label="Average based on selected Harvey Balls" onAction="AverageHarveyBall" />
                  </menu>
                  <menu id="FivePointStarMenu" label="Star rating" showLabel="false" getImage="RibbonObjectGetImage" tag="P" getVisible="InstrumentaGetVisible">
                     <button id="FivePointStar05" label="0.5 star" onAction="GenerateFivePointStars05" />
                     <button id="FivePointStar10" label="1 star" onAction="GenerateFivePointStars10" />
                     <button id="FivePointStar15" label="1.5 star" onAction="GenerateFivePointStars15" />
                     <button id="FivePointStar20" label="2 star" onAction="GenerateFivePointStars20" />
                     <button id="FivePointStar25" label="2.5 star" onAction="GenerateFivePointStars25" />
                     <button id="FivePointStar30" label="3 star" onAction="GenerateFivePointStars30" />
                     <button id="FivePointStar35" label="3.5 star" onAction="GenerateFivePointStars35" />
                     <button id="FivePointStar40" label="4 star" onAction="GenerateFivePointStars40" />
                     <button id="FivePointStar45" label="4.5 star" onAction="GenerateFivePointStars45" />
                     <button id="FivePointStar50" label="5 star" onAction="GenerateFivePointStars50" />
                     <menuSeparator id="FivePointStarSeparator" />
                     <button id="AverageFivePointStars" label="Average based on selected star ratings" onAction="AverageFivePointStars" />
                  </menu>
                  <menu id="RAGStatusMenu" label="RAG status" imageMso="AppointmentColorDialog" showLabel="false" tag="P" getVisible="InstrumentaGetVisible">
                     <button id="RAGStatusRed" label="Red" onAction="GenerateRAGStatusRed" imageMso="NotebookColor7"/>
                     <button id="RAGStatusAmber" label="Amber" onAction="GenerateRAGStatusAmber" imageMso="NotebookColor2"/>
                     <button id="RAGStatusGreen" label="Green" onAction="GenerateRAGStatusGreen" imageMso="NotebookColor3"/>
                      <menuSeparator id="RAGStatusSeparator" />
                     <button id="AverageRAGStatus" label="Average based on selected RAG status-shapes" onAction="AverageRAGStatus" />
                  </menu>
                  <splitButton id="CaptionSplitButton" size="normal" showLabel="false" tag="P" getVisible="InstrumentaGetVisible">
                     <button id="NewCaptionButton" label="Insert caption for selected shape" imageMso="CaptionInsert" onAction="InsertCaption" />
                     <menu id="CaptionMenu" itemSize="normal">
                        <button id="ReNumberCaptionButton" label="Renumber all captions" imageMso="ListSetNumberingValue" onAction="ReNumberCaptions" />                        
                     </menu>
                  </splitButton>
               </box>
               <box id="PasteGroupBox3" boxStyle="horizontal">
                  <splitButton id="NoteSplitButton" size="normal" showLabel="false" >
                     <button id="NewNoteButton" label="Note" imageMso="NewNote" onAction="GenerateStickyNote" />
                     <menu id="NoteMenu" itemSize="normal">
                        <button id="NotesMoveOffSlide" label="Move notes off this slide" imageMso="OutlineMoveUp" onAction="MoveStickyNotesOffSlide" />
                        <button id="NotesMoveOnSlide" label="Move notes on this slide" imageMso="OutlineMoveDown" onAction="MoveStickyNotesOnSlide" />
                        <button id="DeleteNotesOnSlide" label="Delete notes on this slide" imageMso="Delete" onAction="DeleteStickyNotesOnSlide" />
                        <button id="ConvertCommentsToStickyNotes" label="Convert comments on this slide to notes" imageMso="ReviewShowAllComments" onAction="ConvertCommentsToStickyNotes" />
                        <menuSeparator id="separatorNotesAllSlides" />
                        <button id="NotesMoveOffAllSlides" label="Move notes off all slides" imageMso="OutlineMoveUp" onAction="MoveStickyNotesOffAllSlides" />
                        <button id="NotesMoveOnAllSlides" label="Move notes on all slides" imageMso="OutlineMoveDown" onAction="MoveStickyNotesOnAllSlides" />
                        <button id="DeleteNotesOnAllSlides" label="Delete notes on all slides" imageMso="Delete" onAction="DeleteStickyNotesOnAllSlides" />
                        <button id="ConvertAllCommentsToStickyNotes" label="Convert comments on all slides to notes" imageMso="ReviewShowAllComments" onAction="ConvertAllCommentsToStickyNotes" />
                     </menu>
                  </splitButton>
                  <splitButton id="StepsCounterSplitButton" size="normal" showLabel="false" tag="P" getVisible="InstrumentaGetVisible">
                     <button id="NewStepsCounterButton" label="Steps counter" imageMso="NumberStyleGallery" onAction="GenerateStepsCounter" />
                     <menu id="StepCounterMenu" itemSize="normal">
                        <button id="NewCrossSlideStepsCounterButton" label="Add cross-slide steps counter" onAction="GenerateCrossSlideStepsCounter" />
                        <menuSeparator id="separatorStepsCounterSelect" />
                        <button id="SelectAllStepsCounter" label="Select all step counters on this slide" onAction="SelectAllStepsCounter" />
                        <button id="SelectAllCrossSlideStepsCounter" label="Select all cross-slide step counters on this slide" onAction="SelectAllCrossSlideStepsCounter" />
                     </menu>
                  </splitButton>
                  <menu id="StampsMenu" label="Stamps" showLabel="false" getImage="RibbonObjectGetImage" >
                     <button id="StampConfidential" label="CONFIDENTIAL" onAction="GenerateStampConfidential" />
                     <button id="StampDoNotDistribute" label="DO NOT DISTRIBUTE" onAction="GenerateStampDoNotDistribute" />
                     <button id="StampDraft" label="DRAFT" onAction="GenerateStampDraft" />
                     <button id="StampUpdated" label="UPDATED" onAction="GenerateStampUpdated" />
                     <button id="StampNew" label="NEW" onAction="GenerateStampNew" />
                     <button id="StampToBeRemoved" label="TO BE REMOVED" onAction="GenerateStampToBeRemoved" />
                     <button id="StampToAppendix" label="TO APPENDIX" onAction="GenerateStampToAppendix" />
                     <menuSeparator id="separatorMoveStamps" />
                     <button id="StampsMoveOffSlide" label="Move Stamps off this slide" imageMso="OutlineMoveUp" onAction="MoveStampsOffSlide" />
                     <button id="StampsMoveOnSlide" label="Move Stamps on this slide" imageMso="OutlineMoveDown" onAction="MoveStampsOnSlide" />
                     <button id="DeleteStampsOnSlide" label="Delete Stamps on this slide" imageMso="Delete" onAction="DeleteStampsOnSlide" />
                     <menuSeparator id="separatorStampsAllSlides" />
                     <button id="StampsMoveOffAllSlides" label="Move Stamps off all slides" imageMso="OutlineMoveUp" onAction="MoveStampsOffAllSlides" />
                     <button id="StampsMoveOnAllSlides" label="Move Stamps on all slides" imageMso="OutlineMoveDown" onAction="MoveStampsOnAllSlides" />
                     <button id="DeleteStampsOnAllSlides" label="Delete Stamps on all slides" imageMso="Delete" onAction="DeleteStampsOnAllSlides" />
                  </menu>
                  <button id="InsertProcessSmartArt" imageMso="OutlineDemoteToBodyText" label="Insert process (SmartArt)" showLabel="false" onAction="InsertProcessSmartArt" tag="P" getVisible="InstrumentaGetVisible"/>
                  <button id="InsertQRCodeButton" imageMso="BarcodeInsert" label="Insert QR-code" showLabel="false" onAction="InsertQRCode"/>
               </box>
            </group>
            <group id="AllGroup" label="Advanced" imageMso="AdvancedFileProperties" tag="PR" getVisible="InstrumentaGetVisible">
               <button idMso="FileNewDefault" showLabel="false" />
               <button idMso="ReplaceDialog" showLabel="false" />
               <button idMso="AdvancedFileProperties" imageMso="ChooseForm" showLabel="false" />
               <menu id="CleaningMenu" label="Cleaning tools" imageMso="ClearMenu" showLabel="false" >
                  <button id="cleaning1" label="Remove animations from all slides" imageMso="Clear" onAction="CleanUpRemoveAnimationsFromAllSlides" />
                  <button id="cleaning2" label="Remove entry transitions from all slides" imageMso="Clear" onAction="CleanUpRemoveSlideShowTransitionsFromAllSlides" />
                  <button id="cleaning3" label="Remove speaker notes from all slides" imageMso="Clear" onAction="CleanUpRemoveSpeakerNotesFromAllSlides" />
                  <button id="cleaning4" label="Remove comments from all slides" imageMso="Clear" onAction="CleanUpRemoveCommentsFromAllSlides" />
                  <button id="cleaning5" label="Remove unused master slides" imageMso="Clear" onAction="CleanUpRemoveUnusedMasterSlides" />
                  <button id="cleaning6" label="Remove hidden slides" imageMso="Clear" onAction="CleanUpRemoveHiddenSlides" />                  
                  <menuSeparator id="separatorConvertAnonymize" />
                  <button id="cleaning7" label="Convert slides to pictures (readonly)" imageMso="Clear" onAction="ConvertSlidesToPictures" />
                  <button id="cleaning8" label="Watermark and then convert slides to pictures (readonly)" imageMso="WatermarkCustomDialog" onAction="InsertWatermarkAndConvertSlidesToPictures" />
                  <button id="cleaning9" label="Anonymize slides with Lorem Ipsum" imageMso="Clear" onAction="AnonymizeWithLoremIpsum" />
               </menu>
               <toggleButton idMso="SelectionPane" showLabel="false" />
               <splitButton id="TagsSplitButton" size="normal" showLabel="false" tag="P" getVisible="InstrumentaGetVisible">
                  <button id="ShowFormManageTagsButton" label="Manage hidden tags to shapes or slides" showLabel="false" imageMso="NameDefine" onAction="ShowFormManageTags" />
                  <menu id="TagMenu" itemSize="normal">
                     <button id="ShowTagsOnSlide" label="Show slidetags on all slides" imageMso="OutlineMoveDown" onAction="ShowTagsOnSlide" />
                     <button id="HideTagsOnSlide" label="Hide slidetags on all slides" imageMso="Delete" onAction="HideTagsOnSlide" />
                     <menuSeparator id="separatorSelectSlidesByTag" />
                     <button id="ShowFormSelectSlidesByTag" label="Select slides by tag(s) or specific stamp" imageMso="SelectAll" onAction="ShowFormSelectSlidesByTag" />
                  </menu>
               </splitButton>
                  <menu id="MailMergeMenu" itemSize="normal" showLabel="false" imageMso="MailMergeDocument" tag="P" getVisible="InstrumentaGetVisible">
                      <button id="ExcelMailMerge" label="Mail merge this slide based on Excel-file (duplicate slide within this presentation)" showLabel="false" imageMso="MailMergeDocument" onAction="ExcelMailMerge" />
                       <button id="ExcelFullFileMailMerge" label="Mail merge full presentation based on Excel-file (duplicate presentation file)" showLabel="false" imageMso="MailMergeDocument" onAction="ExcelFullFileMailMerge" />
                       <menuSeparator id="separatorInsertMergeFielde" />
                     <button id="InsertMergeField" label="Insert empty merge field" showLabel="false" imageMso="FieldCodes" onAction="InsertMergeField" />
                     <button id="ImportHeadersFromExcel" label="Insert merge fields from Excel-file" showLabel="false" imageMso="FieldCodes" onAction="ImportHeadersFromExcel" />
                     <menuSeparator id="separatorManualMailMerge" />
                     <button id="ManualMailMerge" label="Manually replace all merge fields on all slides" showLabel="false" imageMso="MailMergeDocument" onAction="ManualMailMerge" />
                  </menu>
               <button id="ShowSettingsDialogButton" label="Instrumenta settings" imageMso="FormatCellsDialog" showLabel="false" onAction="ShowSettings" />
               <button id="ShowAboutDialogButton" label="Show about dialog" imageMso="Help" showLabel="false" onAction="ShowAboutDialog" />
            </group>
         </tab>
      </tabs>
   </ribbon>
</customUI>